<?xml version="1.0" encoding="UTF-8"?>
<project-private xmlns="http://www.netbeans.org/ns/project-private/1">
    <editor-bookmarks xmlns="http://www.netbeans.org/ns/editor-bookmarks/2" lastBookmarkId="0"/>
    <open-files xmlns="http://www.netbeans.org/ns/projectui-open-files/2">
        <group>
            <file>file:/C:/Users/072120131/Downloads/padroesroteiros/padroesroteiros/src/roteiro5/parte3/TesteSingleton.java</file>
            <file>file:/C:/Users/072120131/Downloads/padroesroteiros/padroesroteiros/src/roteiro5/parte3/StaticSingleton.java</file>
            <file>file:/C:/Users/072120131/Downloads/padroesroteiros/padroesroteiros/src/roteiro5/parte3/LazySingleton.java</file>
            <file>file:/C:/Users/072120131/Downloads/padroesroteiros/padroesroteiros/src/roteiro5/parte3/InocenteSingleton.java</file>
            <file>file:/C:/Users/072120131/Downloads/padroesroteiros/padroesroteiros/src/roteiro5/parte3/EagerSingleton.java</file>
        </group>
    </open-files>
</project-private>
