<?xml version="1.0" encoding="UTF-8"?>
<project-private xmlns="http://www.netbeans.org/ns/project-private/1">
    <editor-bookmarks xmlns="http://www.netbeans.org/ns/editor-bookmarks/2" lastBookmarkId="0"/>
    <open-files xmlns="http://www.netbeans.org/ns/projectui-open-files/2">
        <group>
            <file>file:/C:/Users/Vinicius/Documents/NetBeansProjects/padroesroteiros/src/roteiro7/parte1/TesteComFacade.java</file>
            <file>file:/C:/Users/Vinicius/Documents/NetBeansProjects/padroesroteiros/src/roteiro7/parte1/Produto.java</file>
            <file>file:/C:/Users/Vinicius/Documents/NetBeansProjects/padroesroteiros/src/roteiro7/parte1/Cliente.java</file>
            <file>file:/C:/Users/Vinicius/Documents/NetBeansProjects/padroesroteiros/src/roteiro7/parte1/CarrinhoCompra.java</file>
            <file>file:/C:/Users/Vinicius/Documents/NetBeansProjects/padroesroteiros/src/roteiro5/parte3/LazySingleton.java</file>
            <file>file:/C:/Users/Vinicius/Documents/NetBeansProjects/padroesroteiros/src/roteiro7/parte1/Database.java</file>
            <file>file:/C:/Users/Vinicius/Documents/NetBeansProjects/padroesroteiros/src/roteiro7/parte1/Facade.java</file>
        </group>
    </open-files>
</project-private>
