<?xml version="1.0" encoding="UTF-8"?>
<project-private xmlns="http://www.netbeans.org/ns/project-private/1">
    <editor-bookmarks xmlns="http://www.netbeans.org/ns/editor-bookmarks/2" lastBookmarkId="0"/>
    <open-files xmlns="http://www.netbeans.org/ns/projectui-open-files/2">
        <group>
            <file>file:/C:/Users/Vinicius/Documents/NetBeansProjects/padroesroteiros/src/roteiro2/parte4/Borda.java</file>
            <file>file:/C:/Users/Vinicius/Documents/NetBeansProjects/padroesroteiros/src/roteiro2/parte4/Component.java</file>
            <file>file:/C:/Users/Vinicius/Documents/NetBeansProjects/padroesroteiros/src/roteiro2/parte4/BordaPontilhada.java</file>
            <file>file:/C:/Users/Vinicius/Documents/NetBeansProjects/padroesroteiros/src/roteiro2/parte4/GridContainer.java</file>
            <file>file:/C:/Users/Vinicius/Documents/NetBeansProjects/padroesroteiros/src/roteiro2/parte4/FlowContainer.java</file>
            <file>file:/C:/Users/Vinicius/Documents/NetBeansProjects/padroesroteiros/src/roteiro2/parte4/BordaSolida.java</file>
            <file>file:/C:/Users/Vinicius/Documents/NetBeansProjects/padroesroteiros/src/roteiro2/parte4/TesteHeranca.java</file>
        </group>
    </open-files>
</project-private>
