<?xml version="1.0" encoding="UTF-8"?>
<project-private xmlns="http://www.netbeans.org/ns/project-private/1">
    <editor-bookmarks xmlns="http://www.netbeans.org/ns/editor-bookmarks/2" lastBookmarkId="0"/>
    <open-files xmlns="http://www.netbeans.org/ns/projectui-open-files/2">
        <group>
            <file>file:/C:/Users/Vinicius/Documents/NetBeansProjects/padroesroteiros/src/roteiro3/parte4/TennisPlayer.java</file>
            <file>file:/C:/Users/Vinicius/Documents/NetBeansProjects/padroesroteiros/src/roteiro3/parte4/CardPlayer.java</file>
            <file>file:/C:/Users/Vinicius/Documents/NetBeansProjects/padroesroteiros/src/roteiro3/parte4/RunBehavior.java</file>
            <file>file:/C:/Users/Vinicius/Documents/NetBeansProjects/padroesroteiros/src/roteiro3/parte4/ChessPlayer.java</file>
            <file>file:/C:/Users/Vinicius/Documents/NetBeansProjects/padroesroteiros/src/roteiro3/parte4/SoccerPlayer.java</file>
            <file>file:/C:/Users/Vinicius/Documents/NetBeansProjects/padroesroteiros/src/roteiro3/parte4/GolfPlayer.java</file>
            <file>file:/C:/Users/Vinicius/Documents/NetBeansProjects/padroesroteiros/src/roteiro3/parte4/TesteJogo.java</file>
            <file>file:/C:/Users/Vinicius/Documents/NetBeansProjects/padroesroteiros/src/roteiro3/parte4/Player.java</file>
            <file>file:/C:/Users/Vinicius/Documents/NetBeansProjects/padroesroteiros/src/roteiro3/parte4/RunFast.java</file>
            <file>file:/C:/Users/Vinicius/Documents/NetBeansProjects/padroesroteiros/src/roteiro3/parte4/RunNoWay.java</file>
        </group>
    </open-files>
</project-private>
